{
  "lang":"ro",
  "pipeline":[
    "ner"
  ],
  "spacy_version":">=2.2.0",
  "speed":{
    "nwords":18171,
    "cpu":21949.2653729005,
    "gpu":null
  },
  "accuracy":{
    "uas":3.0474040632,
    "las":0.0,
    "ents_p":78.7404580153,
    "ents_r":76.8628912072,
    "ents_f":77.790346908,
    "ents_per_type":{
      "ORGANIZATION":{
        "p":75.0,
        "r":71.8181818182,
        "f":73.3746130031
      },
      "FACILITY":{
        "p":41.25,
        "r":36.2637362637,
        "f":38.5964912281
      },
      "PERSON":{
        "p":71.102661597,
        "r":75.4032258065,
        "f":73.1898238748
      },
      "GPE":{
        "p":85.9756097561,
        "r":92.7631578947,
        "f":89.2405063291
      },
      "DATETIME":{
        "p":85.9195402299,
        "r":86.1671469741,
        "f":86.0431654676
      },
      "NUMERIC_VALUE":{
        "p":89.0151515152,
        "r":95.9183673469,
        "f":92.3379174853
      },
      "LOC":{
        "p":59.3023255814,
        "r":50.0,
        "f":54.2553191489
      },
      "NAT_REL_POL":{
        "p":81.3432835821,
        "r":85.15625,
        "f":83.2061068702
      },
      "PRODUCT":{
        "p":48.0392156863,
        "r":31.2101910828,
        "f":37.8378378378
      },
      "ORDINAL":{
        "p":87.2727272727,
        "r":77.4193548387,
        "f":82.0512820513
      },
      "EVENT":{
        "p":87.5,
        "r":64.8148148148,
        "f":74.4680851064
      },
      "QUANTITY":{
        "p":96.7741935484,
        "r":88.2352941176,
        "f":92.3076923077
      },
      "PERIOD":{
        "p":79.3103448276,
        "r":71.875,
        "f":75.4098360656
      },
      "WORK_OF_ART":{
        "p":20.0,
        "r":17.3913043478,
        "f":18.6046511628
      },
      "MONEY":{
        "p":98.1981981982,
        "r":93.9655172414,
        "f":96.0352422907
      },
      "LANGUAGE":{
        "p":87.5,
        "r":63.6363636364,
        "f":73.6842105263
      }
    },
    "tags_acc":0.0,
    "token_acc":100.0,
    "textcat_score":0.0,
    "textcats_per_cat":{

    }
  },
  "vectors":{
    "width":0,
    "vectors":0,
    "keys":0,
    "name":"spacy_pretrained_vectors"
  },
  "name":"model0",
  "version":"0.0.0",
  "labels":{
    "ner":[
      "DATETIME",
      "EVENT",
      "FACILITY",
      "GPE",
      "LANGUAGE",
      "LOC",
      "MONEY",
      "NAT_REL_POL",
      "NUMERIC_VALUE",
      "ORDINAL",
      "ORGANIZATION",
      "PERIOD",
      "PERSON",
      "PRODUCT",
      "QUANTITY",
      "WORK_OF_ART"
    ]
  }
}